timestamp,source,target,source_text,translated_text
2025-10-21T17:18:43.205047,English,Urdu,hi,ہائے
2025-10-21T17:20:05.187114,English,Urdu,"Stories are a fundamental form of communication and can be shared either through oral tradition or by writing them down.
The English language is used to tell stories that have been translated into many different languages.","کہانیاں مواصلات کی ایک بنیادی شکل ہیں اور زبانی روایت کے ذریعہ یا ان کو لکھ کر شیئر کی جاسکتی ہیں۔
انگریزی زبان کا استعمال ایسی کہانیاں سنانے کے لئے کیا جاتا ہے جن کا ترجمہ بہت سی مختلف زبانوں میں کیا گیا ہے۔"
2025-10-21T17:42:52.097132,Auto Detect,English,hi,hi
2025-10-22T13:52:48.656226,English,Urdu,"Do you enjoy reading stories?

Reading short stories in English is a great way to improve your language level. In this section, read our short stories that were specially written for English language learners. There are two sections, one for lower level learners (A2/B1) and one for higher levels (B2/C1). 

You will improve your reading fluency and comprehension and develop your vocabulary. Each story has interactive exercises to help you understand and use the language.","کیا آپ کہانیاں پڑھنے سے لطف اندوز ہو؟

انگریزی میں مختصر کہانیاں پڑھنا آپ کی زبان کی سطح کو بہتر بنانے کا ایک بہترین طریقہ ہے۔ اس حصے میں ، ہماری مختصر کہانیاں پڑھیں جو انگریزی زبان کے سیکھنے والوں کے لئے خاص طور پر لکھی گئی تھیں۔ دو حصے ہیں ، ایک نچلے درجے کے سیکھنے والوں (A2/B1) کے لئے اور ایک اعلی سطح (B2/C1) کے لئے۔ 

آپ اپنی پڑھنے کی روانی اور فہم کو بہتر بنائیں گے اور اپنی الفاظ کو تیار کریں گے۔ ہر کہانی میں آپ کو زبان کو سمجھنے اور استعمال کرنے میں مدد کے لئے انٹرایکٹو مشقیں ہوتی ہیں۔"
